Name,Email,Age,Country
Daniel Gilbert,russell49@lewis.com,47,Tonga
Donna Young,jasmine83@yahoo.com,47,Barbados
Matthew Moore,johnallen@gmail.com,26,Kenya
Anna Kelley,fjarvis@yahoo.com,43,Samoa
Erik Johnson,david21@acosta-graham.com,51,Ethiopia
Melissa Welch,dthompson@yahoo.com,24,Netherlands Antilles
Ryan Huffman,dianehenry@yahoo.com,24,Cambodia
Victor Bradley,wjohnson@gmail.com,62,Croatia
James Irwin,chadrivera@hotmail.com,25,British Virgin Islands
Rebecca Butler,wpierce@butler.com,53,Bolivia
Monica Smith,jeffrey27@hotmail.com,53,Myanmar
Joshua Terry,tarasmith@quinn.com,55,Morocco
Victoria Hanna,vmoss@gmail.com,26,Qatar
Tara George,wbenson@miles.com,33,Tanzania
Mikayla Perez,hahnalan@hunt-thomas.com,31,Mexico
Angela Taylor,michael73@gmail.com,33,Kenya
Brian Simpson,ericgray@gmail.com,34,Papua New Guinea
Bruce Carlson MD,jamesramos@gmail.com,42,Sao Tome and Principe
Mrs. Cathy Griffin,rrusso@hotmail.com,56,Equatorial Guinea
Richard Sanchez,freemanjames@randall.com,22,Congo
Sophia Estrada,butlermichael@hotmail.com,33,Yemen
Allen Guerrero,smithkimberly@sanchez.com,40,Brazil
Jacqueline Alexander,amandahartman@sanchez.org,52,Macao
Mrs. Frances Ross DDS,charleshall@hotmail.com,52,Congo
Ashley Peterson,riverawesley@perez-torres.com,18,Mauritania
Robert Chan,sbrown@johnston-jackson.com,24,Aruba
Julie Rodriguez,francojody@lewis-fisher.net,18,New Caledonia
Wayne Davis,katherine02@pitts-pittman.info,58,Congo
Casey Mccormick DDS,maddoxjames@yahoo.com,45,Czech Republic
Taylor Martinez,olarsen@lewis-hansen.com,20,El Salvador
Justin Glover,iwolfe@frazier.com,32,American Samoa
Allen Ramos,frederick02@yahoo.com,60,Saint Barthelemy
Alison Greene,michaelmccormick@hotmail.com,43,Mexico
Debra Koch,fjohnson@johnson.com,35,Moldova
Haley Chandler,gardnerryan@yahoo.com,33,Luxembourg
Sheena Keller,jesserocha@henderson.com,52,Netherlands Antilles
Dominique Tran,andrewwright@gallagher-hanson.info,62,Sao Tome and Principe
Rachel Berry,mary80@hotmail.com,29,Cocos (Keeling) Islands
John Robinson,sdavis@wilson.info,30,Uruguay
Jeffrey Crawford,edward89@gmail.com,55,Bhutan
Kelly Perkins,xcox@hotmail.com,63,Puerto Rico
Geoffrey Chandler,hannahburton@yahoo.com,64,Guatemala
Yolanda Summers,roberthoward@gmail.com,53,Djibouti
Alan Blackwell,latoyacervantes@gmail.com,53,Saint Lucia
Joseph Moore,qmoore@gmail.com,63,Canada
Rachel Mckenzie,webbgregory@yahoo.com,25,Guatemala
Aaron Wright,dylantucker@yahoo.com,26,Angola
Michelle Hill,ivan59@flores-anderson.com,29,Bermuda
Sandra Colon,michael85@smith-espinoza.com,49,Bouvet Island (Bouvetoya)
Robert Tucker,brittany64@garcia-sandoval.com,58,American Samoa
Melissa Johnson,browneric@hotmail.com,30,Guinea-Bissau
Veronica Jones,bsmith@gmail.com,31,Andorra
Alexis Sanchez,padams@yahoo.com,22,Turkey
Joseph Dalton,turnermichele@hunter-small.com,26,Nicaragua
Leroy Trevino,archeramy@livingston.biz,52,Cocos (Keeling) Islands
Leslie Thomas,combsstephen@kennedy-gonzalez.com,45,Jamaica
Beth Zimmerman,christophergutierrez@adams-haney.com,24,Liechtenstein
Samuel Kidd,michelle37@gmail.com,56,Marshall Islands
Andrew Wiggins,cindywheeler@kennedy-silva.com,36,Malawi
Danielle Fischer,mooresarah@kelley.com,28,New Caledonia
Deborah Wagner,phillipsdawn@gmail.com,61,Antarctica (the territory South of 60 deg S)
Kimberly Gonzalez,sullivangeorge@carroll-kent.com,45,Jordan
Daniel Garcia,jesserussell@brennan.com,38,Jordan
David Taylor,debradavis@gmail.com,27,Poland
Brian Thompson,fherrera@robinson.biz,21,Liechtenstein
Nancy Schwartz,misty55@horton.com,39,Kiribati
Christine Baker,philipnelson@weber-rojas.com,47,Jersey
Michelle Smith,jillsalinas@hotmail.com,26,Iran
Martin Rose,ericgardner@gmail.com,22,Saint Kitts and Nevis
Antonio Edwards,rogerspamela@wilson.com,21,Greenland
Brian Mccoy,albertgalloway@fernandez.net,48,Lebanon
Brenda Schwartz,hannahcruz@yahoo.com,39,Antarctica (the territory South of 60 deg S)
Kathryn Wu,danny02@yahoo.com,64,Central African Republic
Daniel Stevens,jacksonvicki@lewis-french.biz,40,Czech Republic
Jennifer Wilson,leemaria@flores.info,37,Nicaragua
Alexandra Parker,jonathan01@andersen.org,57,Malta
Melissa Vega,jenkinsmark@morgan.net,55,Uganda
Melissa Bauer,kristi26@stone.com,24,Malta
Heather Kelly,emily83@gmail.com,22,Ecuador
Jose Krause,xaviersalazar@hotmail.com,32,San Marino
Sarah Bates,katiecastillo@hotmail.com,48,Poland
Wanda Maxwell,daviskatherine@gmail.com,42,Spain
Karen Bennett,robertsedward@hotmail.com,57,Costa Rica
Kristine Smith,ronaldramirez@gmail.com,22,Barbados
Mary Hall,zthomas@lam.net,50,Cayman Islands
Audrey Williams,ugutierrez@yahoo.com,51,Tuvalu
Ruth Herman,hartcorey@gmail.com,26,Denmark
Maria Johnson,scott58@phillips-johnson.info,64,Fiji
Carl Mcfarland,kyle10@hill-gordon.org,65,Belarus
Jessica Thomas,joseph20@hernandez.info,31,Thailand
Abigail Hicks,ldavis@hotmail.com,58,Chile
Bianca Gibson,mitchell15@house.com,55,Svalbard & Jan Mayen Islands
Ashley Wells,bglover@hotmail.com,64,Myanmar
Patricia Hunter,maxwelllinda@hotmail.com,43,Canada
Ronald Stokes,mdawson@krause.com,32,Norway
David Martin,hollandwilliam@yahoo.com,62,Tunisia
Alex Coleman,kaitlynbarber@gmail.com,48,Turkey
Brittney Moore,mary80@garza-johnson.com,20,Turkey
Teresa Nelson PhD,dillonmartinez@gmail.com,47,Eritrea
Robert Clayton,combskeith@adams.net,56,Chad
Annette Baker,holmesjasmin@short.com,42,Chad
Phillip Page,amanda58@small.net,19,Samoa
Sherri Robinson,rjimenez@yahoo.com,50,Austria
Peggy Martinez,meganhodge@thomas.com,64,Thailand
Amber Douglas,parklisa@harris-mccarthy.com,22,Equatorial Guinea
Andrew Ferguson,davidbeard@knapp.com,50,Guinea-Bissau
Katie Burton,fbenton@wilson.com,21,Suriname
Michele Huber,scott35@gmail.com,43,British Virgin Islands
James Kelly,travis92@gmail.com,37,United Kingdom
Mr. Darrell Neal,brownronald@hotmail.com,49,Japan
Rickey Carter,christyburns@hotmail.com,30,Suriname
Stephen Baker,lori44@hotmail.com,27,Cayman Islands
Kevin Williams,clarkjoseph@lopez-miller.biz,18,Italy
Maurice Johnson,nlee@baker.com,43,Tokelau
Caitlin Williams,april44@hill.com,49,Hungary
Terri Brown,donna90@chang.com,44,Romania
Roger Miles,deanna33@hotmail.com,35,Malaysia
Eric Lewis,michaelbrown@gmail.com,23,Saint Vincent and the Grenadines
Ann Edwards,gina81@ball.biz,62,Guernsey
Joan Ramos,vpotter@hotmail.com,23,Chad
Joshua Chen,douglashunter@johnson.com,62,Thailand
Michael Perez,karinalynch@yahoo.com,45,Saudi Arabia
Gary Brown,martinezduane@hotmail.com,52,Dominica
Jeffrey Miller,coxandrew@hotmail.com,65,France
Eric Ramirez,jmejia@hotmail.com,24,Guadeloupe
Andrew Watson,larry39@hotmail.com,42,United States of America
Leslie Smith,parkscott@summers.com,62,Hungary
Zachary Cuevas,johnroberts@buckley.com,45,Puerto Rico
Keith Mcbride,cwilliams@gmail.com,22,Chad
Linda Allen,christinamack@hotmail.com,51,Bulgaria
Blake Rubio,nicole26@gmail.com,33,Slovenia
Tina Moore,victoriaturner@rowland.com,35,Algeria
Devin Turner,clayjustin@yahoo.com,58,French Guiana
Jaime Edwards,austin31@hotmail.com,56,Colombia
John Jones,smithrandall@parrish-miller.com,28,Liechtenstein
Scott Harrington DDS,diazdavid@garza.net,46,British Indian Ocean Territory (Chagos Archipelago)
Ryan Mann,ashley05@murray-bridges.com,37,Bermuda
Dawn Reed,adamssteven@gmail.com,44,Solomon Islands
Malik Patel,christophertran@weeks.com,42,Djibouti
Matthew Alvarez,nicolestevens@torres-roman.net,25,Belize
Jeffrey Huang,valentinejessica@fletcher.com,35,Dominican Republic
Benjamin Williams,richard24@greer-strong.org,35,Estonia
Christopher Ellis,robertajones@yahoo.com,29,Israel
Andre Davis,smithalexa@quinn.com,35,Tajikistan
Brandon Davis,annmalone@yahoo.com,22,Saudi Arabia
Rodney Russell PhD,william71@yahoo.com,65,Finland
Kristine Benitez,ggoodman@gmail.com,52,Falkland Islands (Malvinas)
Jessica George,ronaldgomez@yahoo.com,60,Antarctica (the territory South of 60 deg S)
Helen Hill,angelica12@anderson.com,47,Angola
Devon Martinez,nsimon@warner-ray.com,59,Liechtenstein
Jeremy Knox,michael49@leonard.com,59,Chile
Jay Mendoza,kbarker@murphy.info,38,Peru
Mrs. Sabrina Ellison,bonnie31@brown-pearson.com,21,Libyan Arab Jamahiriya
Christopher Ballard,jennifer89@hotmail.com,33,Guyana
Todd Fleming,hbowman@harris.biz,63,Brazil
Brandon Martinez,stephanie95@yahoo.com,30,Indonesia
Christina Johnson,richardlewis@robertson.info,40,Portugal
Nancy Ruiz,rconrad@yahoo.com,35,Cape Verde
Luke Ramsey,courtneywhitney@hotmail.com,29,United States of America
Jennifer Knapp,rileykimberly@miller.info,34,Nigeria
Amy Brown,tgonzalez@hotmail.com,40,Seychelles
Timothy Santiago,mariahsmith@rodriguez-arroyo.org,25,Jamaica
Rebecca Mcgrath,angela46@hotmail.com,35,Wallis and Futuna
Jeff Porter,feliciagomez@hotmail.com,34,Gambia
Robin Smith,iowens@hotmail.com,65,Panama
Allen Mccarthy,robertpratt@ramsey.com,18,Suriname
Ryan Bradley,anthonyhill@yahoo.com,47,Haiti
Benjamin Kelly,alanjohns@boyd.biz,39,Croatia
Rebecca Castillo,jennifer15@romero.org,40,Liberia
Victoria Aguirre,xrobles@snyder.info,37,China
Shannon Alvarez,hdavis@hotmail.com,63,Panama
Brittney Jacobson DVM,blopez@rosario.info,58,Latvia
Jessica Francis,cookmichael@gmail.com,56,Mongolia
Taylor Galloway,rlopez@gmail.com,43,Poland
Karen Wilson,alanbradley@gmail.com,64,Wallis and Futuna
Jeffery Drake,charlesscott@hall-munoz.com,46,Bahamas
Diana Gross,shirley85@gmail.com,41,Nicaragua
Michelle Rodgers,jerryprince@beard.com,60,Suriname
Sonya Daniels,mary26@hotmail.com,54,Greenland
Jenna Carter,kjacobs@hunter-ponce.net,54,Timor-Leste
Brett Allen,annette37@manning-rivera.com,41,Mauritius
Alexis Kemp,georgepark@anderson-shields.com,58,American Samoa
John Jones,hlutz@yahoo.com,29,Timor-Leste
Jon Mcfarland,usmith@hotmail.com,31,Iran
Susan Hopkins,peter75@jones.com,47,Spain
Kari Patel,juliagonzalez@lawrence-martinez.com,44,Georgia
Sherry Hicks,melissa06@johnson.com,19,Bulgaria
Jade Hill,sarahscott@hotmail.com,31,Paraguay
Ronald Garcia,floyddesiree@hotmail.com,55,France
Joe Johnson,angelabell@king.com,47,Nepal
Karen Jones,carrollchristopher@hotmail.com,33,France
Jorge Forbes,joshua94@shaw.biz,50,Eritrea
Melissa Morris,crawfordkevin@gmail.com,19,Kazakhstan
Elizabeth Davis,bhopkins@lawrence.net,56,Kuwait
Samantha Wang,garciadavid@gmail.com,22,Taiwan
Eddie Gray,mmitchell@wright.info,50,Timor-Leste
Courtney Middleton,amber11@gmail.com,26,Egypt
Krystal Orozco,fchristensen@lee.com,30,Burundi
David Roberson,kathleen08@hotmail.com,62,Switzerland
Justin Edwards,yolanda61@clark.com,27,Ethiopia
